,Hopital,Dept,ChefLieu,NbCOVID,NbLitDispo,NbDeces,NbSortieVivant,Date,Region,lat,long
0,Troyes,Aube,Troyes,,,0.0,0.0,2020-03-18 20:00:00,GrdEst,48.2981,4.082
1,Epinal,Vosges,Épinal,4.0,3.0,1.0,2.0,2020-03-18 20:00:00,GrdEst,48.1688,6.4766
2,Claude-B,Moselle,Metz,4.0,2.0,0.0,0.0,2020-03-18 20:00:00,GrdEst,49.1115,6.1906
3,HPM-Schuman,Moselle,Metz,7.0,1.0,0.0,0.0,2020-03-18 20:00:00,GrdEst,49.1115,6.1906
4,CHR-CCV,Moselle,Metz,3.0,7.0,0.0,0.0,2020-03-18 20:00:00,GrdEst,49.1115,6.1906
5,CHR-Mercy,Moselle,Metz,16.0,0.0,2.0,0.0,2020-03-18 20:00:00,GrdEst,49.1115,6.1906
6,CHR-Thionville,Moselle,Metz,2.0,3.0,0.0,0.0,2020-03-18 20:00:00,GrdEst,49.1115,6.1906
7,Gentilly,Meurthe-et-Moselle,Nancy,1.0,5.0,0.0,0.0,2020-03-18 20:00:00,GrdEst,48.6889,6.1709
8,Nancy-ChirB,Meurthe-et-Moselle,Nancy,3.0,10.0,0.0,0.0,2020-03-18 20:00:00,GrdEst,48.6889,6.1709
9,Nancy-MIRB,Meurthe-et-Moselle,Nancy,13.0,1.0,2.0,0.0,2020-03-18 20:00:00,GrdEst,48.6889,6.1709
10,Nancy-MIRC,Meurthe-et-Moselle,Nancy,20.0,6.0,1.0,2.0,2020-03-18 20:00:00,GrdEst,48.6889,6.1709
11,Verdun,Meuse,Verdun,1.0,7.0,0.0,0.0,2020-03-18 20:00:00,GrdEst,48.7685,5.1668
12,Reims-MIR,Marne,Châlons-en-Champagne,8.0,7.0,1.0,2.0,2020-03-18 20:00:00,GrdEst,48.9556,4.3737
13,Mulhouse-Chir,Haut-Rhin,Colmar,19.0,1.0,0.0,0.0,2020-03-18 20:00:00,GrdEst,48.1203,7.3936
14,Colmar-Chir,Haut-Rhin,Colmar,10.0,0.0,0.0,0.0,2020-03-18 20:00:00,GrdEst,48.1203,7.3936
15,Mulhouse-MIR,Haut-Rhin,Colmar,20.0,0.0,7.0,0.0,2020-03-18 20:00:00,GrdEst,48.1203,7.3936
16,HTP-Chir,Bas-Rhin,Strasbourg,13.0,5.0,1.0,0.0,2020-03-18 20:00:00,GrdEst,48.5673,7.7553
17,Saverne,Bas-Rhin,Strasbourg,4.0,3.0,0.0,0.0,2020-03-18 20:00:00,GrdEst,48.5673,7.7553
18,Colmar-Med,Haut-Rhin,Colmar,15.0,0.0,1.0,1.0,2020-03-18 20:00:00,GrdEst,48.1203,7.3936
19,Haguenau,Bas-Rhin,Strasbourg,10.0,4.0,0.0,0.0,2020-03-18 20:00:00,GrdEst,48.5673,7.7553
20,Charleville-Mezieres,Ardennes,Charleville-Mézières,,,0.0,0.0,2020-03-18 20:00:00,GrdEst,49.7783,4.7198
21,NHC-Chir,Bas-Rhin,Strasbourg,13.0,0.0,0.0,0.0,2020-03-18 20:00:00,GrdEst,48.5673,7.7553
22,HTP-Med,Bas-Rhin,Strasbourg,13.0,3.0,0.0,1.0,2020-03-18 20:00:00,GrdEst,48.5673,7.7553
23,NHC-Med,Bas-Rhin,Strasbourg,30.0,0.0,2.0,2.0,2020-03-18 20:00:00,GrdEst,48.5673,7.7553
24,NHC-Chir,Bas-Rhin,Strasbourg,13.0,0.0,0.0,0.0,2020-03-19 08:00:00,GrdEst,48.5673,7.7553
25,HTP-Med,Bas-Rhin,Strasbourg,18.0,1.0,0.0,2.0,2020-03-19 08:00:00,GrdEst,48.5673,7.7553
26,HTP-Chir,Bas-Rhin,Strasbourg,15.0,1.0,1.0,0.0,2020-03-19 08:00:00,GrdEst,48.5673,7.7553
27,Nancy-ChirB,Meurthe-et-Moselle,Nancy,4.0,6.0,0.0,0.0,2020-03-19 08:00:00,GrdEst,48.6889,6.1709
28,Mulhouse-MIR,Haut-Rhin,Colmar,20.0,0.0,7.0,0.0,2020-03-19 08:00:00,GrdEst,48.1203,7.3936
29,Mulhouse-Chir,Haut-Rhin,Colmar,19.0,1.0,0.0,0.0,2020-03-19 08:00:00,GrdEst,48.1203,7.3936
30,Reims-MIR,Marne,Châlons-en-Champagne,13.0,12.0,1.0,2.0,2020-03-19 08:00:00,GrdEst,48.9556,4.3737
31,Verdun,Meuse,Verdun,4.0,4.0,0.0,0.0,2020-03-19 08:00:00,GrdEst,48.7685,5.1668
32,Nancy-MIRC,Meurthe-et-Moselle,Nancy,23.0,3.0,1.0,2.0,2020-03-19 08:00:00,GrdEst,48.6889,6.1709
33,Nancy-MIRB,Meurthe-et-Moselle,Nancy,12.0,2.0,3.0,1.0,2020-03-19 08:00:00,GrdEst,48.6889,6.1709
34,Colmar-Med,Haut-Rhin,Colmar,15.0,0.0,1.0,1.0,2020-03-19 08:00:00,GrdEst,48.1203,7.3936
35,Colmar-Chir,Haut-Rhin,Colmar,15.0,0.0,1.0,0.0,2020-03-19 08:00:00,GrdEst,48.1203,7.3936
36,CHR-Mercy,Moselle,Metz,16.0,0.0,2.0,2.0,2020-03-19 08:00:00,GrdEst,49.1115,6.1906
37,CHR-Thionville,Moselle,Metz,3.0,7.0,0.0,0.0,2020-03-19 08:00:00,GrdEst,49.1115,6.1906
38,Epinal,Vosges,Épinal,5.0,0.0,1.0,2.0,2020-03-19 08:00:00,GrdEst,48.1688,6.4766
39,Claude-B,Moselle,Metz,4.0,2.0,0.0,0.0,2020-03-19 08:00:00,GrdEst,49.1115,6.1906
40,HPM-Schuman,Moselle,Metz,7.0,1.0,0.0,0.0,2020-03-19 08:00:00,GrdEst,49.1115,6.1906
41,Charleville-Mezieres,Ardennes,Charleville-Mézières,,,0.0,0.0,2020-03-19 08:00:00,GrdEst,49.7783,4.7198
42,Gentilly,Meurthe-et-Moselle,Nancy,1.0,5.0,0.0,0.0,2020-03-19 08:00:00,GrdEst,48.6889,6.1709
43,Saverne,Bas-Rhin,Strasbourg,6.0,3.0,0.0,0.0,2020-03-19 08:00:00,GrdEst,48.5673,7.7553
44,Haguenau,Bas-Rhin,Strasbourg,10.0,5.0,0.0,0.0,2020-03-19 08:00:00,GrdEst,48.5673,7.7553
45,NHC-Med,Bas-Rhin,Strasbourg,30.0,0.0,2.0,2.0,2020-03-19 08:00:00,GrdEst,48.5673,7.7553
46,CHR-CCV,Moselle,Metz,4.0,6.0,0.0,0.0,2020-03-19 08:00:00,GrdEst,49.1115,6.1906
47,Troyes,Aube,Troyes,,,0.0,0.0,2020-03-19 08:00:00,GrdEst,48.2981,4.082
48,Haguenau,Bas-Rhin,Strasbourg,10.0,5.0,0.0,0.0,2020-03-19 20:00:00,GrdEst,48.5673,7.7553
49,Saverne,Bas-Rhin,Strasbourg,6.0,3.0,0.0,0.0,2020-03-19 20:00:00,GrdEst,48.5673,7.7553
50,Troyes,Aube,Troyes,,,0.0,0.0,2020-03-19 20:00:00,GrdEst,48.2981,4.082
51,Charleville-Mezieres,Ardennes,Charleville-Mézières,,,0.0,0.0,2020-03-19 20:00:00,GrdEst,49.7783,4.7198
52,HTP-Med,Bas-Rhin,Strasbourg,19.0,1.0,0.0,2.0,2020-03-19 20:00:00,GrdEst,48.5673,7.7553
53,HTP-Chir,Bas-Rhin,Strasbourg,16.0,0.0,2.0,0.0,2020-03-19 20:00:00,GrdEst,48.5673,7.7553
54,Colmar-Med,Haut-Rhin,Colmar,15.0,0.0,1.0,1.0,2020-03-19 20:00:00,GrdEst,48.1203,7.3936
55,Colmar-Chir,Haut-Rhin,Colmar,15.0,0.0,1.0,0.0,2020-03-19 20:00:00,GrdEst,48.1203,7.3936
56,Colmar-NC,Haut-Rhin,Colmar,8.0,1.0,0.0,0.0,2020-03-19 20:00:00,GrdEst,48.1203,7.3936
57,Mulhouse-MIR,Haut-Rhin,Colmar,20.0,0.0,7.0,0.0,2020-03-19 20:00:00,GrdEst,48.1203,7.3936
58,Verdun,Meuse,Verdun,6.0,2.0,0.0,0.0,2020-03-19 20:00:00,GrdEst,48.7685,5.1668
59,Reims-MIR,Marne,Châlons-en-Champagne,13.0,12.0,1.0,2.0,2020-03-19 20:00:00,GrdEst,48.9556,4.3737
60,Nancy-MIRC,Meurthe-et-Moselle,Nancy,23.0,3.0,1.0,2.0,2020-03-19 20:00:00,GrdEst,48.6889,6.1709
61,Nancy-MIRB,Meurthe-et-Moselle,Nancy,13.0,9.0,3.0,1.0,2020-03-19 20:00:00,GrdEst,48.6889,6.1709
62,Gentilly,Meurthe-et-Moselle,Nancy,2.0,4.0,0.0,0.0,2020-03-19 20:00:00,GrdEst,48.6889,6.1709
63,CHR-Thionville,Moselle,Metz,4.0,3.0,0.0,0.0,2020-03-19 20:00:00,GrdEst,49.1115,6.1906
64,CHR-Mercy,Moselle,Metz,16.0,8.0,2.0,2.0,2020-03-19 20:00:00,GrdEst,49.1115,6.1906
65,CHR-CCV,Moselle,Metz,5.0,5.0,0.0,0.0,2020-03-19 20:00:00,GrdEst,49.1115,6.1906
66,HPM-Schuman,Moselle,Metz,7.0,1.0,0.0,0.0,2020-03-19 20:00:00,GrdEst,49.1115,6.1906
67,Claude-B,Moselle,Metz,4.0,2.0,0.0,0.0,2020-03-19 20:00:00,GrdEst,49.1115,6.1906
68,Epinal,Vosges,Épinal,5.0,0.0,1.0,2.0,2020-03-19 20:00:00,GrdEst,48.1688,6.4766
69,Mulhouse-Chir,Haut-Rhin,Colmar,20.0,0.0,0.0,0.0,2020-03-19 20:00:00,GrdEst,48.1203,7.3936
70,Nancy-ChirB,Meurthe-et-Moselle,Nancy,10.0,0.0,0.0,0.0,2020-03-19 20:00:00,GrdEst,48.6889,6.1709
71,NHC-Chir,Bas-Rhin,Strasbourg,13.0,0.0,0.0,0.0,2020-03-19 20:00:00,GrdEst,48.5673,7.7553
72,NHC-Med,Bas-Rhin,Strasbourg,29.0,1.0,2.0,7.0,2020-03-19 20:00:00,GrdEst,48.5673,7.7553
73,Sarreguemine,Moselle,Metz,7.0,0.0,2.0,0.0,2020-03-20 08:00:00,GrdEst,49.1115,6.1906
74,Claude-B,Moselle,Metz,6.0,0.0,1.0,0.0,2020-03-20 08:00:00,GrdEst,49.1115,6.1906
75,HPM-Schuman,Moselle,Metz,8.0,8.0,0.0,2.0,2020-03-20 08:00:00,GrdEst,49.1115,6.1906
76,CHR-CCV,Moselle,Metz,6.0,4.0,0.0,0.0,2020-03-20 08:00:00,GrdEst,49.1115,6.1906
77,CHR-Mercy,Moselle,Metz,21.0,3.0,2.0,2.0,2020-03-20 08:00:00,GrdEst,49.1115,6.1906
78,CHR-Thionville,Moselle,Metz,4.0,3.0,0.0,0.0,2020-03-20 08:00:00,GrdEst,49.1115,6.1906
79,Gentilly,Meurthe-et-Moselle,Nancy,2.0,4.0,0.0,0.0,2020-03-20 08:00:00,GrdEst,48.6889,6.1709
80,Essey,Meurthe-et-Moselle,Nancy,1.0,7.0,0.0,0.0,2020-03-20 08:00:00,GrdEst,48.6889,6.1709
81,Nancy-ChirB,Meurthe-et-Moselle,Nancy,8.0,4.0,0.0,0.0,2020-03-20 08:00:00,GrdEst,48.6889,6.1709
82,Saverne,Bas-Rhin,Strasbourg,9.0,0.0,0.0,0.0,2020-03-20 08:00:00,GrdEst,48.5673,7.7553
83,Nancy-MIRB,Meurthe-et-Moselle,Nancy,14.0,8.0,3.0,2.0,2020-03-20 08:00:00,GrdEst,48.6889,6.1709
84,Nancy-MIRC,Meurthe-et-Moselle,Nancy,15.0,8.0,1.0,2.0,2020-03-20 08:00:00,GrdEst,48.6889,6.1709
85,Epinal,Vosges,Épinal,8.0,0.0,1.0,2.0,2020-03-20 08:00:00,GrdEst,48.1688,6.4766
86,Reims-MIR,Marne,Châlons-en-Champagne,13.0,12.0,1.0,3.0,2020-03-20 08:00:00,GrdEst,48.9556,4.3737
87,Mulhouse-Chir,Haut-Rhin,Colmar,20.0,3.0,1.0,2.0,2020-03-20 08:00:00,GrdEst,48.1203,7.3936
88,Mulhouse-MIR,Haut-Rhin,Colmar,20.0,0.0,8.0,6.0,2020-03-20 08:00:00,GrdEst,48.1203,7.3936
89,Colmar-NC,Haut-Rhin,Colmar,8.0,0.0,0.0,0.0,2020-03-20 08:00:00,GrdEst,48.1203,7.3936
90,Colmar-Chir,Haut-Rhin,Colmar,15.0,0.0,1.0,1.0,2020-03-20 08:00:00,GrdEst,48.1203,7.3936
91,Colmar-Med,Haut-Rhin,Colmar,15.0,0.0,5.0,1.0,2020-03-20 08:00:00,GrdEst,48.1203,7.3936
92,HTP-Chir,Bas-Rhin,Strasbourg,31.0,3.0,3.0,1.0,2020-03-20 08:00:00,GrdEst,48.5673,7.7553
93,HTP-Med,Bas-Rhin,Strasbourg,20.0,0.0,0.0,2.0,2020-03-20 08:00:00,GrdEst,48.5673,7.7553
94,NHC-Chir,Bas-Rhin,Strasbourg,13.0,0.0,0.0,0.0,2020-03-20 08:00:00,GrdEst,48.5673,7.7553
95,NHC-Med,Bas-Rhin,Strasbourg,30.0,0.0,2.0,8.0,2020-03-20 08:00:00,GrdEst,48.5673,7.7553
96,Charleville-Mezieres,Ardennes,Charleville-Mézières,1.0,3.0,0.0,0.0,2020-03-20 08:00:00,GrdEst,49.7783,4.7198
97,Troyes,Aube,Troyes,4.0,2.0,0.0,0.0,2020-03-20 08:00:00,GrdEst,48.2981,4.082
98,St-Avold,Moselle,Metz,7.0,2.0,0.0,0.0,2020-03-20 08:00:00,GrdEst,49.1115,6.1906
99,Verdun,Meuse,Verdun,6.0,8.0,0.0,0.0,2020-03-20 08:00:00,GrdEst,48.7685,5.1668
100,Haguenau,Bas-Rhin,Strasbourg,10.0,6.0,0.0,0.0,2020-03-20 08:00:00,GrdEst,48.5673,7.7553
101,St-Avold,Moselle,Metz,7.0,2.0,0.0,0.0,2020-03-20 20:00:00,GrdEst,49.1115,6.1906
102,Troyes,Aube,Troyes,4.0,2.0,0.0,0.0,2020-03-20 20:00:00,GrdEst,48.2981,4.082
103,Saverne,Bas-Rhin,Strasbourg,9.0,0.0,0.0,0.0,2020-03-20 20:00:00,GrdEst,48.5673,7.7553
104,Haguenau,Bas-Rhin,Strasbourg,12.0,4.0,0.0,0.0,2020-03-20 20:00:00,GrdEst,48.5673,7.7553
105,NHC-Med,Bas-Rhin,Strasbourg,28.0,2.0,2.0,10.0,2020-03-20 20:00:00,GrdEst,48.5673,7.7553
106,NHC-Chir,Bas-Rhin,Strasbourg,13.0,0.0,0.0,0.0,2020-03-20 20:00:00,GrdEst,48.5673,7.7553
107,HTP-Med,Bas-Rhin,Strasbourg,20.0,0.0,0.0,2.0,2020-03-20 20:00:00,GrdEst,48.5673,7.7553
108,HTP-Chir,Bas-Rhin,Strasbourg,31.0,3.0,3.0,1.0,2020-03-20 20:00:00,GrdEst,48.5673,7.7553
109,Colmar-Med,Haut-Rhin,Colmar,14.0,1.0,6.0,2.0,2020-03-20 20:00:00,GrdEst,48.1203,7.3936
110,Colmar-Chir,Haut-Rhin,Colmar,13.0,2.0,3.0,3.0,2020-03-20 20:00:00,GrdEst,48.1203,7.3936
111,Colmar-NC,Haut-Rhin,Colmar,9.0,0.0,0.0,0.0,2020-03-20 20:00:00,GrdEst,48.1203,7.3936
112,Mulhouse-MIR,Haut-Rhin,Colmar,19.0,1.0,8.0,7.0,2020-03-20 20:00:00,GrdEst,48.1203,7.3936
113,Mulhouse-Chir,Haut-Rhin,Colmar,20.0,3.0,1.0,2.0,2020-03-20 20:00:00,GrdEst,48.1203,7.3936
114,Reims-MIR,Marne,Châlons-en-Champagne,13.0,14.0,1.0,3.0,2020-03-20 20:00:00,GrdEst,48.9556,4.3737
115,Verdun,Meuse,Verdun,7.0,7.0,0.0,0.0,2020-03-20 20:00:00,GrdEst,48.7685,5.1668
116,Nancy-MIRC,Meurthe-et-Moselle,Nancy,26.0,0.0,1.0,2.0,2020-03-20 20:00:00,GrdEst,48.6889,6.1709
117,Nancy-MIRB,Meurthe-et-Moselle,Nancy,18.0,4.0,3.0,2.0,2020-03-20 20:00:00,GrdEst,48.6889,6.1709
118,Nancy-ChirB,Meurthe-et-Moselle,Nancy,12.0,2.0,0.0,0.0,2020-03-20 20:00:00,GrdEst,48.6889,6.1709
119,Essey,Meurthe-et-Moselle,Nancy,6.0,2.0,0.0,0.0,2020-03-20 20:00:00,GrdEst,48.6889,6.1709
120,Gentilly,Meurthe-et-Moselle,Nancy,4.0,2.0,0.0,0.0,2020-03-20 20:00:00,GrdEst,48.6889,6.1709
121,CHR-Thionville,Moselle,Metz,5.0,2.0,0.0,0.0,2020-03-20 20:00:00,GrdEst,49.1115,6.1906
122,CHR-Mercy,Moselle,Metz,23.0,6.0,3.0,2.0,2020-03-20 20:00:00,GrdEst,49.1115,6.1906
123,CHR-CCV,Moselle,Metz,6.0,4.0,0.0,0.0,2020-03-20 20:00:00,GrdEst,49.1115,6.1906
124,HPM-Schuman,Moselle,Metz,10.0,6.0,0.0,2.0,2020-03-20 20:00:00,GrdEst,49.1115,6.1906
125,Claude-B,Moselle,Metz,6.0,0.0,1.0,0.0,2020-03-20 20:00:00,GrdEst,49.1115,6.1906
126,Sarreguemine,Moselle,Metz,9.0,5.0,2.0,0.0,2020-03-20 20:00:00,GrdEst,49.1115,6.1906
127,Epinal,Vosges,Épinal,9.0,0.0,1.0,2.0,2020-03-20 20:00:00,GrdEst,48.1688,6.4766
128,Charleville-Mezieres,Ardennes,Charleville-Mézières,2.0,7.0,0.0,0.0,2020-03-20 20:00:00,GrdEst,49.7783,4.7198
129,Nancy-ChirB,Meurthe-et-Moselle,Nancy,14.0,0.0,0.0,0.0,2020-03-21 08:00:00,GrdEst,48.6889,6.1709
130,St-Avold,Moselle,Metz,7.0,2.0,0.0,0.0,2020-03-21 08:00:00,GrdEst,49.1115,6.1906
131,Charleville-Mezieres,Ardennes,Charleville-Mézières,2.0,7.0,0.0,0.0,2020-03-21 08:00:00,GrdEst,49.7783,4.7198
132,Troyes,Aube,Troyes,2.0,6.0,0.0,0.0,2020-03-21 08:00:00,GrdEst,48.2981,4.082
133,Saverne,Bas-Rhin,Strasbourg,9.0,0.0,0.0,0.0,2020-03-21 08:00:00,GrdEst,48.5673,7.7553
134,Haguenau,Bas-Rhin,Strasbourg,15.0,2.0,0.0,0.0,2020-03-21 08:00:00,GrdEst,48.5673,7.7553
135,Epinal,Vosges,Épinal,9.0,0.0,1.0,2.0,2020-03-21 08:00:00,GrdEst,48.1688,6.4766
136,NHC-Chir,Bas-Rhin,Strasbourg,13.0,0.0,0.0,0.0,2020-03-21 08:00:00,GrdEst,48.5673,7.7553
137,HTP-Med,Bas-Rhin,Strasbourg,20.0,0.0,0.0,2.0,2020-03-21 08:00:00,GrdEst,48.5673,7.7553
138,HTP-Chir,Bas-Rhin,Strasbourg,22.0,2.0,3.0,1.0,2020-03-21 08:00:00,GrdEst,48.5673,7.7553
139,Colmar-Med,Haut-Rhin,Colmar,15.0,0.0,6.0,2.0,2020-03-21 08:00:00,GrdEst,48.1203,7.3936
140,Colmar-Chir,Haut-Rhin,Colmar,13.0,2.0,3.0,3.0,2020-03-21 08:00:00,GrdEst,48.1203,7.3936
141,Colmar-NC,Haut-Rhin,Colmar,9.0,0.0,0.0,0.0,2020-03-21 08:00:00,GrdEst,48.1203,7.3936
142,Mulhouse-MIR,Haut-Rhin,Colmar,20.0,0.0,8.0,7.0,2020-03-21 08:00:00,GrdEst,48.1203,7.3936
143,Mulhouse-Chir,Haut-Rhin,Colmar,20.0,3.0,1.0,2.0,2020-03-21 08:00:00,GrdEst,48.1203,7.3936
144,NHC-Med,Bas-Rhin,Strasbourg,30.0,0.0,2.0,11.0,2020-03-21 08:00:00,GrdEst,48.5673,7.7553
145,Verdun,Meuse,Verdun,8.0,6.0,0.0,0.0,2020-03-21 08:00:00,GrdEst,48.7685,5.1668
146,Nancy-MIRC,Meurthe-et-Moselle,Nancy,26.0,0.0,1.0,2.0,2020-03-21 08:00:00,GrdEst,48.6889,6.1709
147,Nancy-NC,Meurthe-et-Moselle,Nancy,0.0,6.0,0.0,0.0,2020-03-21 08:00:00,GrdEst,48.6889,6.1709
148,Nancy-MIRB,Meurthe-et-Moselle,Nancy,21.0,9.0,3.0,2.0,2020-03-21 08:00:00,GrdEst,48.6889,6.1709
149,Essey,Meurthe-et-Moselle,Nancy,6.0,2.0,1.0,0.0,2020-03-21 08:00:00,GrdEst,48.6889,6.1709
150,Gentilly,Meurthe-et-Moselle,Nancy,4.0,2.0,0.0,0.0,2020-03-21 08:00:00,GrdEst,48.6889,6.1709
151,CHR-Thionville,Moselle,Metz,6.0,9.0,0.0,0.0,2020-03-21 08:00:00,GrdEst,49.1115,6.1906
152,CHR-Mercy,Moselle,Metz,21.0,3.0,3.0,4.0,2020-03-21 08:00:00,GrdEst,49.1115,6.1906
153,Reims-MIR,Marne,Châlons-en-Champagne,15.0,11.0,1.0,3.0,2020-03-21 08:00:00,GrdEst,48.9556,4.3737
154,CHR-CCV,Moselle,Metz,8.0,2.0,0.0,0.0,2020-03-21 08:00:00,GrdEst,49.1115,6.1906
155,CHR-SSPI,Moselle,Metz,8.0,2.0,0.0,0.0,2020-03-21 08:00:00,GrdEst,49.1115,6.1906
156,HPM-Schuman,Moselle,Metz,12.0,4.0,0.0,2.0,2020-03-21 08:00:00,GrdEst,49.1115,6.1906
157,Sarreguemine,Moselle,Metz,9.0,5.0,2.0,0.0,2020-03-21 08:00:00,GrdEst,49.1115,6.1906
158,Claude-B,Moselle,Metz,6.0,0.0,2.0,0.0,2020-03-21 08:00:00,GrdEst,49.1115,6.1906
159,CHR-Thionville,Moselle,Metz,6.0,10.0,1.0,0.0,2020-03-21 20:00:00,GrdEst,49.1115,6.1906
160,CHR-Mercy,Moselle,Metz,22.0,2.0,4.0,4.0,2020-03-21 20:00:00,GrdEst,49.1115,6.1906
161,CHR-CCV,Moselle,Metz,9.0,1.0,0.0,0.0,2020-03-21 20:00:00,GrdEst,49.1115,6.1906
162,HPM-Schuman,Moselle,Metz,11.0,5.0,0.0,2.0,2020-03-21 20:00:00,GrdEst,49.1115,6.1906
163,Claude-B,Moselle,Metz,9.0,0.0,3.0,0.0,2020-03-21 20:00:00,GrdEst,49.1115,6.1906
164,Sarreguemine,Moselle,Metz,10.0,4.0,2.0,0.0,2020-03-21 20:00:00,GrdEst,49.1115,6.1906
165,St-Avold,Moselle,Metz,7.0,2.0,0.0,0.0,2020-03-21 20:00:00,GrdEst,49.1115,6.1906
166,Epinal,Vosges,Épinal,9.0,2.0,1.0,3.0,2020-03-21 20:00:00,GrdEst,48.1688,6.4766
167,Charleville-Mezieres,Ardennes,Charleville-Mézières,2.0,7.0,0.0,0.0,2020-03-21 20:00:00,GrdEst,49.7783,4.7198
168,Troyes,Aube,Troyes,4.0,6.0,0.0,0.0,2020-03-21 20:00:00,GrdEst,48.2981,4.082
169,CHR-SSPI,Moselle,Metz,4.0,1.0,0.0,0.0,2020-03-21 20:00:00,GrdEst,49.1115,6.1906
170,Haguenau,Bas-Rhin,Strasbourg,17.0,0.0,0.0,0.0,2020-03-21 20:00:00,GrdEst,48.5673,7.7553
171,Saverne,Bas-Rhin,Strasbourg,8.0,2.0,2.0,1.0,2020-03-21 20:00:00,GrdEst,48.5673,7.7553
172,Gentilly,Meurthe-et-Moselle,Nancy,5.0,2.0,0.0,0.0,2020-03-21 20:00:00,GrdEst,48.6889,6.1709
173,Essey,Meurthe-et-Moselle,Nancy,8.0,0.0,1.0,0.0,2020-03-21 20:00:00,GrdEst,48.6889,6.1709
174,Nancy-MIRB,Meurthe-et-Moselle,Nancy,21.0,9.0,3.0,2.0,2020-03-21 20:00:00,GrdEst,48.6889,6.1709
175,Nancy-NC,Meurthe-et-Moselle,Nancy,0.0,6.0,0.0,0.0,2020-03-21 20:00:00,GrdEst,48.6889,6.1709
176,Nancy-MIRC,Meurthe-et-Moselle,Nancy,25.0,1.0,1.0,2.0,2020-03-21 20:00:00,GrdEst,48.6889,6.1709
177,Verdun,Meuse,Verdun,8.0,6.0,0.0,0.0,2020-03-21 20:00:00,GrdEst,48.7685,5.1668
178,Reims-MIR,Marne,Châlons-en-Champagne,15.0,11.0,1.0,3.0,2020-03-21 20:00:00,GrdEst,48.9556,4.3737
179,Mulhouse-Chir,Haut-Rhin,Colmar,18.0,2.0,1.0,2.0,2020-03-21 20:00:00,GrdEst,48.1203,7.3936
180,Nancy-ChirB,Meurthe-et-Moselle,Nancy,10.0,4.0,0.0,3.0,2020-03-21 20:00:00,GrdEst,48.6889,6.1709
181,Mulhouse-MIR,Haut-Rhin,Colmar,20.0,0.0,8.0,7.0,2020-03-21 20:00:00,GrdEst,48.1203,7.3936
182,Colmar-NC,Haut-Rhin,Colmar,8.0,1.0,0.0,0.0,2020-03-21 20:00:00,GrdEst,48.1203,7.3936
183,Colmar-Chir,Haut-Rhin,Colmar,15.0,0.0,3.0,3.0,2020-03-21 20:00:00,GrdEst,48.1203,7.3936
184,Colmar-Med,Haut-Rhin,Colmar,15.0,0.0,8.0,2.0,2020-03-21 20:00:00,GrdEst,48.1203,7.3936
185,HTP-Chir,Bas-Rhin,Strasbourg,25.0,3.0,4.0,1.0,2020-03-21 20:00:00,GrdEst,48.5673,7.7553
186,HTP-Ped,Bas-Rhin,Strasbourg,1.0,4.0,0.0,0.0,2020-03-21 20:00:00,GrdEst,48.5673,7.7553
187,HTP-Med,Bas-Rhin,Strasbourg,20.0,0.0,0.0,2.0,2020-03-21 20:00:00,GrdEst,48.5673,7.7553
188,NHC-Chir,Bas-Rhin,Strasbourg,13.0,0.0,0.0,0.0,2020-03-21 20:00:00,GrdEst,48.5673,7.7553
189,Mulhouse-SSPI,Haut-Rhin,Colmar,6.0,1.0,0.0,0.0,2020-03-21 20:00:00,GrdEst,48.1203,7.3936
190,NHC-Med,Bas-Rhin,Strasbourg,30.0,0.0,2.0,11.0,2020-03-21 20:00:00,GrdEst,48.5673,7.7553
191,Nancy-NC,Meurthe-et-Moselle,Nancy,3.0,15.0,0.0,0.0,2020-03-22 08:00:00,GrdEst,48.6889,6.1709
192,Nancy-MIRB,Meurthe-et-Moselle,Nancy,24.0,4.0,4.0,2.0,2020-03-22 08:00:00,GrdEst,48.6889,6.1709
193,Nancy-ChirB,Meurthe-et-Moselle,Nancy,12.0,2.0,0.0,4.0,2020-03-22 08:00:00,GrdEst,48.6889,6.1709
194,Essey,Meurthe-et-Moselle,Nancy,8.0,0.0,1.0,0.0,2020-03-22 08:00:00,GrdEst,48.6889,6.1709
195,Gentilly,Meurthe-et-Moselle,Nancy,6.0,1.0,0.0,0.0,2020-03-22 08:00:00,GrdEst,48.6889,6.1709
196,CHR-Thionville,Moselle,Metz,11.0,5.0,2.0,0.0,2020-03-22 08:00:00,GrdEst,49.1115,6.1906
197,CHR-SSPI,Moselle,Metz,4.0,6.0,0.0,0.0,2020-03-22 08:00:00,GrdEst,49.1115,6.1906
198,CHR-Mercy,Moselle,Metz,22.0,2.0,6.0,4.0,2020-03-22 08:00:00,GrdEst,49.1115,6.1906
199,CHR-CCV,Moselle,Metz,9.0,1.0,0.0,0.0,2020-03-22 08:00:00,GrdEst,49.1115,6.1906
200,HPM-Schuman,Moselle,Metz,11.0,5.0,0.0,2.0,2020-03-22 08:00:00,GrdEst,49.1115,6.1906
201,Claude-B,Moselle,Metz,8.0,1.0,4.0,0.0,2020-03-22 08:00:00,GrdEst,49.1115,6.1906
202,Sarreguemine,Moselle,Metz,14.0,0.0,2.0,0.0,2020-03-22 08:00:00,GrdEst,49.1115,6.1906
203,Nancy-MIRC,Meurthe-et-Moselle,Nancy,25.0,1.0,1.0,2.0,2020-03-22 08:00:00,GrdEst,48.6889,6.1709
204,St-Avold,Moselle,Metz,7.0,2.0,0.0,0.0,2020-03-22 08:00:00,GrdEst,49.1115,6.1906
205,Verdun,Meuse,Verdun,8.0,6.0,0.0,0.0,2020-03-22 08:00:00,GrdEst,48.7685,5.1668
206,HTP-Med,Bas-Rhin,Strasbourg,23.0,1.0,0.0,3.0,2020-03-22 08:00:00,GrdEst,48.5673,7.7553
207,Reims-MIR,Marne,Châlons-en-Champagne,18.0,13.0,2.0,3.0,2020-03-22 08:00:00,GrdEst,48.9556,4.3737
208,Charleville-Mezieres,Ardennes,Charleville-Mézières,2.0,7.0,0.0,0.0,2020-03-22 08:00:00,GrdEst,49.7783,4.7198
209,Troyes,Aube,Troyes,4.0,6.0,0.0,0.0,2020-03-22 08:00:00,GrdEst,48.2981,4.082
210,Saverne,Bas-Rhin,Strasbourg,9.0,1.0,2.0,1.0,2020-03-22 08:00:00,GrdEst,48.5673,7.7553
211,Haguenau,Bas-Rhin,Strasbourg,17.0,0.0,0.0,0.0,2020-03-22 08:00:00,GrdEst,48.5673,7.7553
212,NHC-Med,Bas-Rhin,Strasbourg,30.0,0.0,2.0,14.0,2020-03-22 08:00:00,GrdEst,48.5673,7.7553
213,NHC-Chir,Bas-Rhin,Strasbourg,13.0,0.0,0.0,0.0,2020-03-22 08:00:00,GrdEst,48.5673,7.7553
214,St-Dizier,Marne,Châlons-en-Champagne,4.0,8.0,0.0,0.0,2020-03-22 08:00:00,GrdEst,48.9556,4.3737
215,HTP-Ped,Bas-Rhin,Strasbourg,3.0,2.0,0.0,0.0,2020-03-22 08:00:00,GrdEst,48.5673,7.7553
216,Colmar-Med,Haut-Rhin,Colmar,15.0,0.0,8.0,4.0,2020-03-22 08:00:00,GrdEst,48.1203,7.3936
217,Colmar-Chir,Haut-Rhin,Colmar,15.0,0.0,3.0,5.0,2020-03-22 08:00:00,GrdEst,48.1203,7.3936
218,Colmar-NC,Haut-Rhin,Colmar,9.0,0.0,0.0,0.0,2020-03-22 08:00:00,GrdEst,48.1203,7.3936
219,Mulhouse-MIR,Haut-Rhin,Colmar,20.0,0.0,8.0,7.0,2020-03-22 08:00:00,GrdEst,48.1203,7.3936
220,Mulhouse-SSPI,Haut-Rhin,Colmar,6.0,1.0,0.0,0.0,2020-03-22 08:00:00,GrdEst,48.1203,7.3936
221,Mulhouse-Chir,Haut-Rhin,Colmar,18.0,2.0,1.0,2.0,2020-03-22 08:00:00,GrdEst,48.1203,7.3936
222,HTP-Chir,Bas-Rhin,Strasbourg,24.0,2.0,5.0,1.0,2020-03-22 08:00:00,GrdEst,48.5673,7.7553
223,Epinal,Vosges,Épinal,10.0,2.0,1.0,3.0,2020-03-22 08:00:00,GrdEst,48.1688,6.4766
224,Charleville-Mezieres,Ardennes,Charleville-Mézières,2.0,9.0,0.0,0.0,2020-03-22 20:00:00,GrdEst,49.7783,4.7198
225,Sarreguemine,Moselle,Metz,14.0,0.0,4.0,0.0,2020-03-22 20:00:00,GrdEst,49.1115,6.1906
226,Claude-B,Moselle,Metz,8.0,0.0,4.0,0.0,2020-03-22 20:00:00,GrdEst,49.1115,6.1906
227,Epinal,Vosges,Épinal,10.0,2.0,1.0,3.0,2020-03-22 20:00:00,GrdEst,48.1688,6.4766
228,St-Avold,Moselle,Metz,7.0,2.0,0.0,0.0,2020-03-22 20:00:00,GrdEst,49.1115,6.1906
229,Gentilly,Meurthe-et-Moselle,Nancy,6.0,1.0,0.0,0.0,2020-03-22 20:00:00,GrdEst,48.6889,6.1709
230,CHR-Thionville,Moselle,Metz,11.0,5.0,3.0,0.0,2020-03-22 20:00:00,GrdEst,49.1115,6.1906
231,CHR-Mercy,Moselle,Metz,23.0,1.0,6.0,5.0,2020-03-22 20:00:00,GrdEst,49.1115,6.1906
232,CHR-CCV,Moselle,Metz,9.0,1.0,0.0,0.0,2020-03-22 20:00:00,GrdEst,49.1115,6.1906
233,CHR-SSPI,Moselle,Metz,4.0,6.0,0.0,0.0,2020-03-22 20:00:00,GrdEst,49.1115,6.1906
234,HPM-Schuman,Moselle,Metz,15.0,1.0,0.0,2.0,2020-03-22 20:00:00,GrdEst,49.1115,6.1906
235,Essey,Meurthe-et-Moselle,Nancy,7.0,1.0,1.0,1.0,2020-03-22 20:00:00,GrdEst,48.6889,6.1709
236,Nancy-MIRB,Meurthe-et-Moselle,Nancy,27.0,3.0,5.0,2.0,2020-03-22 20:00:00,GrdEst,48.6889,6.1709
237,Nancy-NC,Meurthe-et-Moselle,Nancy,4.0,15.0,0.0,0.0,2020-03-22 20:00:00,GrdEst,48.6889,6.1709
238,Nancy-MIRC,Meurthe-et-Moselle,Nancy,25.0,1.0,1.0,2.0,2020-03-22 20:00:00,GrdEst,48.6889,6.1709
239,Verdun,Meuse,Verdun,8.0,6.0,0.0,0.0,2020-03-22 20:00:00,GrdEst,48.7685,5.1668
240,St-Dizier,Marne,Châlons-en-Champagne,5.0,6.0,0.0,0.0,2020-03-22 20:00:00,GrdEst,48.9556,4.3737
241,Nancy-ChirB,Meurthe-et-Moselle,Nancy,12.0,2.0,0.0,4.0,2020-03-22 20:00:00,GrdEst,48.6889,6.1709
242,Mulhouse-Chir,Haut-Rhin,Colmar,20.0,0.0,1.0,2.0,2020-03-22 20:00:00,GrdEst,48.1203,7.3936
243,Troyes,Aube,Troyes,7.0,12.0,0.0,0.0,2020-03-22 20:00:00,GrdEst,48.2981,4.082
244,Saverne,Bas-Rhin,Strasbourg,10.0,0.0,2.0,1.0,2020-03-22 20:00:00,GrdEst,48.5673,7.7553
245,Reims-MIR,Marne,Châlons-en-Champagne,18.0,13.0,2.0,3.0,2020-03-22 20:00:00,GrdEst,48.9556,4.3737
246,NHC-Med,Bas-Rhin,Strasbourg,30.0,0.0,2.0,14.0,2020-03-22 20:00:00,GrdEst,48.5673,7.7553
247,NHC-Chir,Bas-Rhin,Strasbourg,13.0,0.0,0.0,0.0,2020-03-22 20:00:00,GrdEst,48.5673,7.7553
248,HTP-Med,Bas-Rhin,Strasbourg,22.0,2.0,0.0,4.0,2020-03-22 20:00:00,GrdEst,48.5673,7.7553
249,HTP-Ped,Bas-Rhin,Strasbourg,4.0,1.0,0.0,0.0,2020-03-22 20:00:00,GrdEst,48.5673,7.7553
250,Haguenau,Bas-Rhin,Strasbourg,17.0,0.0,0.0,0.0,2020-03-22 20:00:00,GrdEst,48.5673,7.7553
251,Colmar-Med,Haut-Rhin,Colmar,15.0,0.0,8.0,5.0,2020-03-22 20:00:00,GrdEst,48.1203,7.3936
252,Colmar-Chir,Haut-Rhin,Colmar,15.0,0.0,3.0,5.0,2020-03-22 20:00:00,GrdEst,48.1203,7.3936
253,Colmar-NC,Haut-Rhin,Colmar,9.0,1.0,0.0,0.0,2020-03-22 20:00:00,GrdEst,48.1203,7.3936
254,Mulhouse-MIR,Haut-Rhin,Colmar,20.0,0.0,8.0,7.0,2020-03-22 20:00:00,GrdEst,48.1203,7.3936
255,Mulhouse-SSPI,Haut-Rhin,Colmar,7.0,0.0,0.0,0.0,2020-03-22 20:00:00,GrdEst,48.1203,7.3936
256,HTP-Chir,Bas-Rhin,Strasbourg,23.0,3.0,5.0,1.0,2020-03-22 20:00:00,GrdEst,48.5673,7.7553
257,CHR-CCV,Moselle,Metz,9.0,1.0,0.0,0.0,2020-03-23 08:00:00,GrdEst,49.1115,6.1906
258,CHR-SSPI,Moselle,Metz,6.0,4.0,0.0,0.0,2020-03-23 08:00:00,GrdEst,49.1115,6.1906
259,HPM-Schuman,Moselle,Metz,16.0,0.0,0.0,2.0,2020-03-23 08:00:00,GrdEst,49.1115,6.1906
260,Saverne,Bas-Rhin,Strasbourg,10.0,0.0,2.0,1.0,2020-03-23 08:00:00,GrdEst,48.5673,7.7553
261,Sarreguemine,Moselle,Metz,14.0,0.0,4.0,0.0,2020-03-23 08:00:00,GrdEst,49.1115,6.1906
262,Claude-B,Moselle,Metz,8.0,1.0,6.0,0.0,2020-03-23 08:00:00,GrdEst,49.1115,6.1906
263,St-Avold,Moselle,Metz,7.0,2.0,0.0,0.0,2020-03-23 08:00:00,GrdEst,49.1115,6.1906
264,Epinal,Vosges,Épinal,9.0,3.0,1.0,3.0,2020-03-23 08:00:00,GrdEst,48.1688,6.4766
265,CHR-Mercy,Moselle,Metz,22.0,2.0,7.0,5.0,2020-03-23 08:00:00,GrdEst,49.1115,6.1906
266,Charleville-Mezieres,Ardennes,Charleville-Mézières,3.0,9.0,0.0,0.0,2020-03-23 08:00:00,GrdEst,49.7783,4.7198
267,CHR-Thionville,Moselle,Metz,15.0,1.0,3.0,0.0,2020-03-23 08:00:00,GrdEst,49.1115,6.1906
268,Troyes,Aube,Troyes,7.0,12.0,0.0,0.0,2020-03-23 08:00:00,GrdEst,48.2981,4.082
269,Essey,Meurthe-et-Moselle,Nancy,7.0,1.0,1.0,1.0,2020-03-23 08:00:00,GrdEst,48.6889,6.1709
270,Haguenau,Bas-Rhin,Strasbourg,19.0,2.0,0.0,0.0,2020-03-23 08:00:00,GrdEst,48.5673,7.7553
271,NHC-Med,Bas-Rhin,Strasbourg,30.0,0.0,5.0,17.0,2020-03-23 08:00:00,GrdEst,48.5673,7.7553
272,NHC-Chir,Bas-Rhin,Strasbourg,13.0,0.0,0.0,0.0,2020-03-23 08:00:00,GrdEst,48.5673,7.7553
273,HTP-Med,Bas-Rhin,Strasbourg,26.0,0.0,0.0,4.0,2020-03-23 08:00:00,GrdEst,48.5673,7.7553
274,HTP-Ped,Bas-Rhin,Strasbourg,3.0,2.0,0.0,1.0,2020-03-23 08:00:00,GrdEst,48.5673,7.7553
275,HTP-Chir,Bas-Rhin,Strasbourg,23.0,3.0,5.0,1.0,2020-03-23 08:00:00,GrdEst,48.5673,7.7553
276,Colmar-Med,Haut-Rhin,Colmar,15.0,0.0,8.0,5.0,2020-03-23 08:00:00,GrdEst,48.1203,7.3936
277,Colmar-Chir,Haut-Rhin,Colmar,15.0,0.0,3.0,5.0,2020-03-23 08:00:00,GrdEst,48.1203,7.3936
278,Gentilly,Meurthe-et-Moselle,Nancy,6.0,1.0,0.0,0.0,2020-03-23 08:00:00,GrdEst,48.6889,6.1709
279,Colmar-NC,Haut-Rhin,Colmar,8.0,1.0,1.0,0.0,2020-03-23 08:00:00,GrdEst,48.1203,7.3936
280,Mulhouse-Chir,Haut-Rhin,Colmar,20.0,0.0,1.0,2.0,2020-03-23 08:00:00,GrdEst,48.1203,7.3936
281,Reims-MIR,Marne,Châlons-en-Champagne,19.0,12.0,2.0,3.0,2020-03-23 08:00:00,GrdEst,48.9556,4.3737
282,St-Dizier,Marne,Châlons-en-Champagne,5.0,6.0,0.0,0.0,2020-03-23 08:00:00,GrdEst,48.9556,4.3737
283,Verdun,Meuse,Verdun,9.0,5.0,0.0,0.0,2020-03-23 08:00:00,GrdEst,48.7685,5.1668
284,Nancy-MIRC,Meurthe-et-Moselle,Nancy,25.0,1.0,1.0,2.0,2020-03-23 08:00:00,GrdEst,48.6889,6.1709
285,Nancy-RCP,Meurthe-et-Moselle,Nancy,5.0,13.0,0.0,0.0,2020-03-23 08:00:00,GrdEst,48.6889,6.1709
286,Nancy-MIRB,Meurthe-et-Moselle,Nancy,28.0,2.0,5.0,2.0,2020-03-23 08:00:00,GrdEst,48.6889,6.1709
287,Nancy-ChirB,Meurthe-et-Moselle,Nancy,12.0,2.0,0.0,4.0,2020-03-23 08:00:00,GrdEst,48.6889,6.1709
288,Mulhouse-SSPI,Haut-Rhin,Colmar,7.0,0.0,0.0,0.0,2020-03-23 08:00:00,GrdEst,48.1203,7.3936
289,Mulhouse-MIR,Haut-Rhin,Colmar,20.0,0.0,8.0,7.0,2020-03-23 08:00:00,GrdEst,48.1203,7.3936
290,CHR-CCV,Moselle,Metz,9.0,1.0,0.0,0.0,2020-03-23 20:00:00,GrdEst,49.1115,6.1906
291,St-Avold,Moselle,Metz,7.0,2.0,0.0,0.0,2020-03-23 20:00:00,GrdEst,49.1115,6.1906
292,Charleville-Mezieres,Ardennes,Charleville-Mézières,5.0,4.0,0.0,0.0,2020-03-23 20:00:00,GrdEst,49.7783,4.7198
293,Troyes,Aube,Troyes,7.0,12.0,0.0,0.0,2020-03-23 20:00:00,GrdEst,48.2981,4.082
294,Saverne,Bas-Rhin,Strasbourg,11.0,1.0,2.0,1.0,2020-03-23 20:00:00,GrdEst,48.5673,7.7553
295,Haguenau,Bas-Rhin,Strasbourg,19.0,0.0,0.0,0.0,2020-03-23 20:00:00,GrdEst,48.5673,7.7553
296,NHC-Med,Bas-Rhin,Strasbourg,30.0,0.0,5.0,17.0,2020-03-23 20:00:00,GrdEst,48.5673,7.7553
297,NHC-Chir,Bas-Rhin,Strasbourg,13.0,0.0,0.0,0.0,2020-03-23 20:00:00,GrdEst,48.5673,7.7553
298,HTP-Med,Bas-Rhin,Strasbourg,26.0,2.0,0.0,4.0,2020-03-23 20:00:00,GrdEst,48.5673,7.7553
299,HTP-Ped,Bas-Rhin,Strasbourg,5.0,0.0,0.0,1.0,2020-03-23 20:00:00,GrdEst,48.5673,7.7553
300,HTP-Chir,Bas-Rhin,Strasbourg,24.0,5.0,6.0,1.0,2020-03-23 20:00:00,GrdEst,48.5673,7.7553
301,Colmar-Med,Haut-Rhin,Colmar,15.0,0.0,8.0,5.0,2020-03-23 20:00:00,GrdEst,48.1203,7.3936
302,Colmar-Chir,Haut-Rhin,Colmar,13.0,2.0,3.0,5.0,2020-03-23 20:00:00,GrdEst,48.1203,7.3936
303,Colmar-NC,Haut-Rhin,Colmar,8.0,1.0,2.0,1.0,2020-03-23 20:00:00,GrdEst,48.1203,7.3936
304,C-Scweitzer,Haut-Rhin,Colmar,,,,,2020-03-23 20:00:00,GrdEst,48.1203,7.3936
305,Mulhouse-MIR,Haut-Rhin,Colmar,20.0,0.0,8.0,7.0,2020-03-23 20:00:00,GrdEst,48.1203,7.3936
306,Epinal,Vosges,Épinal,9.0,2.0,1.0,3.0,2020-03-23 20:00:00,GrdEst,48.1688,6.4766
307,Mulhouse-SSPI,Haut-Rhin,Colmar,7.0,0.0,0.0,0.0,2020-03-23 20:00:00,GrdEst,48.1203,7.3936
308,Reims-MIR,Marne,Châlons-en-Champagne,19.0,12.0,2.0,3.0,2020-03-23 20:00:00,GrdEst,48.9556,4.3737
309,St-Dizier,Marne,Châlons-en-Champagne,5.0,6.0,0.0,0.0,2020-03-23 20:00:00,GrdEst,48.9556,4.3737
310,Verdun,Meuse,Verdun,8.0,6.0,1.0,0.0,2020-03-23 20:00:00,GrdEst,48.7685,5.1668
311,Nancy-MIRC,Meurthe-et-Moselle,Nancy,24.0,2.0,1.0,2.0,2020-03-23 20:00:00,GrdEst,48.6889,6.1709
312,Nancy-RCP,Meurthe-et-Moselle,Nancy,6.0,12.0,0.0,0.0,2020-03-23 20:00:00,GrdEst,48.6889,6.1709
313,Nancy-MIRB,Meurthe-et-Moselle,Nancy,30.0,0.0,5.0,2.0,2020-03-23 20:00:00,GrdEst,48.6889,6.1709
314,Nancy-ChirB,Meurthe-et-Moselle,Nancy,14.0,0.0,0.0,4.0,2020-03-23 20:00:00,GrdEst,48.6889,6.1709
315,Essey,Meurthe-et-Moselle,Nancy,7.0,3.0,1.0,1.0,2020-03-23 20:00:00,GrdEst,48.6889,6.1709
316,Gentilly,Meurthe-et-Moselle,Nancy,6.0,6.0,0.0,0.0,2020-03-23 20:00:00,GrdEst,48.6889,6.1709
317,CHR-Thionville,Moselle,Metz,16.0,8.0,3.0,0.0,2020-03-23 20:00:00,GrdEst,49.1115,6.1906
318,CHR-SSPI,Moselle,Metz,9.0,8.0,0.0,0.0,2020-03-23 20:00:00,GrdEst,49.1115,6.1906
319,HPM-Schuman,Moselle,Metz,16.0,0.0,0.0,2.0,2020-03-23 20:00:00,GrdEst,49.1115,6.1906
320,Claude-B,Moselle,Metz,8.0,0.0,8.0,1.0,2020-03-23 20:00:00,GrdEst,49.1115,6.1906
321,Sarreguemine,Moselle,Metz,14.0,0.0,4.0,0.0,2020-03-23 20:00:00,GrdEst,49.1115,6.1906
322,Mulhouse-Chir,Haut-Rhin,Colmar,20.0,0.0,1.0,2.0,2020-03-23 20:00:00,GrdEst,48.1203,7.3936
323,CHR-Mercy,Moselle,Metz,24.0,0.0,7.0,5.0,2020-03-23 20:00:00,GrdEst,49.1115,6.1906
324,Bezannes,Marne,Châlons-en-Champagne,10.0,8.0,0.0,0.0,2020-03-24 08:00:00,GrdEst,48.9556,4.3737
325,Chateau-Thierry,Marne,Châlons-en-Champagne,6.0,0.0,0.0,0.0,2020-03-24 08:00:00,GrdEst,48.9556,4.3737
326,Sarreguemine,Moselle,Metz,14.0,0.0,5.0,0.0,2020-03-24 08:00:00,GrdEst,49.1115,6.1906
327,Mulhouse-SSPI,Haut-Rhin,Colmar,7.0,0.0,0.0,0.0,2020-03-24 08:00:00,GrdEst,48.1203,7.3936
328,Troyes,Aube,Troyes,6.0,12.0,0.0,0.0,2020-03-24 08:00:00,GrdEst,48.2981,4.082
329,Saverne,Bas-Rhin,Strasbourg,11.0,1.0,2.0,1.0,2020-03-24 08:00:00,GrdEst,48.5673,7.7553
330,Haguenau,Bas-Rhin,Strasbourg,19.0,0.0,0.0,0.0,2020-03-24 08:00:00,GrdEst,48.5673,7.7553
331,NHC-Med,Bas-Rhin,Strasbourg,30.0,0.0,5.0,17.0,2020-03-24 08:00:00,GrdEst,48.5673,7.7553
332,NHC-Chir,Bas-Rhin,Strasbourg,13.0,0.0,0.0,0.0,2020-03-24 08:00:00,GrdEst,48.5673,7.7553
333,HTP-Med,Bas-Rhin,Strasbourg,26.0,1.0,0.0,4.0,2020-03-24 08:00:00,GrdEst,48.5673,7.7553
334,HTP-Ped,Bas-Rhin,Strasbourg,6.0,0.0,0.0,1.0,2020-03-24 08:00:00,GrdEst,48.5673,7.7553
335,HTP-Chir,Bas-Rhin,Strasbourg,26.0,3.0,7.0,1.0,2020-03-24 08:00:00,GrdEst,48.5673,7.7553
336,Colmar-Med,Haut-Rhin,Colmar,15.0,0.0,8.0,5.0,2020-03-24 08:00:00,GrdEst,48.1203,7.3936
337,Colmar-Chir,Haut-Rhin,Colmar,13.0,2.0,3.0,5.0,2020-03-24 08:00:00,GrdEst,48.1203,7.3936
338,Colmar-NC,Haut-Rhin,Colmar,9.0,0.0,2.0,1.0,2020-03-24 08:00:00,GrdEst,48.1203,7.3936
339,C-Scweitzer,Haut-Rhin,Colmar,,,,,2020-03-24 08:00:00,GrdEst,48.1203,7.3936
340,Mulhouse-MIR,Haut-Rhin,Colmar,20.0,0.0,8.0,7.0,2020-03-24 08:00:00,GrdEst,48.1203,7.3936
341,Mulhouse-Chir,Haut-Rhin,Colmar,20.0,0.0,1.0,2.0,2020-03-24 08:00:00,GrdEst,48.1203,7.3936
342,St-Dizier,Marne,Châlons-en-Champagne,7.0,4.0,0.0,0.0,2020-03-24 08:00:00,GrdEst,48.9556,4.3737
343,Reims-MIR,Marne,Châlons-en-Champagne,21.0,14.0,2.0,3.0,2020-03-24 08:00:00,GrdEst,48.9556,4.3737
344,CHR-Thionville,Moselle,Metz,20.0,4.0,3.0,0.0,2020-03-24 08:00:00,GrdEst,49.1115,6.1906
345,Epinal,Vosges,Épinal,16.0,0.0,1.0,3.0,2020-03-24 08:00:00,GrdEst,48.1688,6.4766
346,St-Avold,Moselle,Metz,7.0,2.0,0.0,0.0,2020-03-24 08:00:00,GrdEst,49.1115,6.1906
347,Claude-B,Moselle,Metz,8.0,0.0,8.0,1.0,2020-03-24 08:00:00,GrdEst,49.1115,6.1906
348,HPM-Schuman,Moselle,Metz,16.0,0.0,0.0,2.0,2020-03-24 08:00:00,GrdEst,49.1115,6.1906
349,CHR-SSPI,Moselle,Metz,9.0,7.0,2.0,0.0,2020-03-24 08:00:00,GrdEst,49.1115,6.1906
350,CHR-CCV,Moselle,Metz,10.0,0.0,0.0,0.0,2020-03-24 08:00:00,GrdEst,49.1115,6.1906
351,CHR-Mercy,Moselle,Metz,24.0,0.0,7.0,5.0,2020-03-24 08:00:00,GrdEst,49.1115,6.1906
352,Charleville-Mezieres,Ardennes,Charleville-Mézières,5.0,4.0,0.0,0.0,2020-03-24 08:00:00,GrdEst,49.7783,4.7198
353,Gentilly,Meurthe-et-Moselle,Nancy,7.0,5.0,0.0,0.0,2020-03-24 08:00:00,GrdEst,48.6889,6.1709
354,Essey,Meurthe-et-Moselle,Nancy,9.0,1.0,1.0,1.0,2020-03-24 08:00:00,GrdEst,48.6889,6.1709
355,Nancy-ChirB,Meurthe-et-Moselle,Nancy,14.0,0.0,0.0,4.0,2020-03-24 08:00:00,GrdEst,48.6889,6.1709
356,Nancy-MIRB,Meurthe-et-Moselle,Nancy,30.0,0.0,5.0,2.0,2020-03-24 08:00:00,GrdEst,48.6889,6.1709
357,Nancy-RCP,Meurthe-et-Moselle,Nancy,8.0,10.0,0.0,0.0,2020-03-24 08:00:00,GrdEst,48.6889,6.1709
358,Nancy-MIRC,Meurthe-et-Moselle,Nancy,24.0,2.0,1.0,3.0,2020-03-24 08:00:00,GrdEst,48.6889,6.1709
359,Verdun,Meuse,Verdun,9.0,5.0,2.0,0.0,2020-03-24 08:00:00,GrdEst,48.7685,5.1668
360,Bezannes,Marne,Châlons-en-Champagne,12.0,6.0,0.0,0.0,2020-03-24 20:00:00,GrdEst,48.9556,4.3737
361,Chateau-Thierry,Marne,Châlons-en-Champagne,6.0,0.0,0.0,0.0,2020-03-24 20:00:00,GrdEst,48.9556,4.3737
362,Troyes,Aube,Troyes,6.0,12.0,0.0,0.0,2020-03-24 20:00:00,GrdEst,48.2981,4.082
363,Epinal,Vosges,Épinal,17.0,0.0,1.0,3.0,2020-03-24 20:00:00,GrdEst,48.1688,6.4766
364,Saverne,Bas-Rhin,Strasbourg,11.0,1.0,2.0,1.0,2020-03-24 20:00:00,GrdEst,48.5673,7.7553
365,St-Avold,Moselle,Metz,7.0,2.0,0.0,0.0,2020-03-24 20:00:00,GrdEst,49.1115,6.1906
366,Charleville-Mezieres,Ardennes,Charleville-Mézières,5.0,4.0,0.0,0.0,2020-03-24 20:00:00,GrdEst,49.7783,4.7198
367,Claude-B,Moselle,Metz,8.0,0.0,8.0,1.0,2020-03-24 20:00:00,GrdEst,49.1115,6.1906
368,Essey,Meurthe-et-Moselle,Nancy,9.0,1.0,1.0,1.0,2020-03-24 20:00:00,GrdEst,48.6889,6.1709
369,Nancy-ChirB,Meurthe-et-Moselle,Nancy,14.0,0.0,0.0,4.0,2020-03-24 20:00:00,GrdEst,48.6889,6.1709
370,Nancy-MIRB,Meurthe-et-Moselle,Nancy,28.0,2.0,6.0,3.0,2020-03-24 20:00:00,GrdEst,48.6889,6.1709
371,Nancy-RCP,Meurthe-et-Moselle,Nancy,12.0,6.0,0.0,0.0,2020-03-24 20:00:00,GrdEst,48.6889,6.1709
372,Nancy-MIRC,Meurthe-et-Moselle,Nancy,23.0,3.0,1.0,3.0,2020-03-24 20:00:00,GrdEst,48.6889,6.1709
373,Verdun,Meuse,Verdun,9.0,5.0,2.0,0.0,2020-03-24 20:00:00,GrdEst,48.7685,5.1668
374,St-Dizier,Marne,Châlons-en-Champagne,9.0,1.0,0.0,0.0,2020-03-24 20:00:00,GrdEst,48.9556,4.3737
375,Reims-MIR,Marne,Châlons-en-Champagne,23.0,16.0,2.0,3.0,2020-03-24 20:00:00,GrdEst,48.9556,4.3737
376,Mulhouse-Chir,Haut-Rhin,Colmar,20.0,0.0,1.0,2.0,2020-03-24 20:00:00,GrdEst,48.1203,7.3936
377,Mulhouse-SSPI,Haut-Rhin,Colmar,5.0,2.0,0.0,0.0,2020-03-24 20:00:00,GrdEst,48.1203,7.3936
378,Mulhouse-MIR,Haut-Rhin,Colmar,17.0,3.0,9.0,7.0,2020-03-24 20:00:00,GrdEst,48.1203,7.3936
379,C-Scweitzer,Haut-Rhin,Colmar,1.0,0.0,0.0,0.0,2020-03-24 20:00:00,GrdEst,48.1203,7.3936
380,Colmar-NC,Haut-Rhin,Colmar,7.0,2.0,2.0,3.0,2020-03-24 20:00:00,GrdEst,48.1203,7.3936
381,Colmar-Chir,Haut-Rhin,Colmar,13.0,2.0,3.0,5.0,2020-03-24 20:00:00,GrdEst,48.1203,7.3936
382,Colmar-Med,Haut-Rhin,Colmar,15.0,0.0,8.0,7.0,2020-03-24 20:00:00,GrdEst,48.1203,7.3936
383,HTP-Chir,Bas-Rhin,Strasbourg,24.0,6.0,8.0,1.0,2020-03-24 20:00:00,GrdEst,48.5673,7.7553
384,HTP-Ped,Bas-Rhin,Strasbourg,4.0,1.0,0.0,2.0,2020-03-24 20:00:00,GrdEst,48.5673,7.7553
385,HTP-Med,Bas-Rhin,Strasbourg,26.0,1.0,0.0,4.0,2020-03-24 20:00:00,GrdEst,48.5673,7.7553
386,NHC-Chir,Bas-Rhin,Strasbourg,13.0,0.0,0.0,0.0,2020-03-24 20:00:00,GrdEst,48.5673,7.7553
387,NHC-Med,Bas-Rhin,Strasbourg,30.0,0.0,5.0,17.0,2020-03-24 20:00:00,GrdEst,48.5673,7.7553
388,Haguenau,Bas-Rhin,Strasbourg,19.0,0.0,0.0,0.0,2020-03-24 20:00:00,GrdEst,48.5673,7.7553
389,Sarreguemine,Moselle,Metz,15.0,0.0,7.0,0.0,2020-03-24 20:00:00,GrdEst,49.1115,6.1906
390,CHR-Thionville,Moselle,Metz,21.0,3.0,3.0,1.0,2020-03-24 20:00:00,GrdEst,49.1115,6.1906
391,Gentilly,Meurthe-et-Moselle,Nancy,7.0,5.0,0.0,0.0,2020-03-24 20:00:00,GrdEst,48.6889,6.1709
392,HPM-Schuman,Moselle,Metz,16.0,0.0,0.0,2.0,2020-03-24 20:00:00,GrdEst,49.1115,6.1906
393,CHR-Mercy,Moselle,Metz,23.0,1.0,7.0,9.0,2020-03-24 20:00:00,GrdEst,49.1115,6.1906
394,CHR-CCV,Moselle,Metz,9.0,1.0,0.0,2.0,2020-03-24 20:00:00,GrdEst,49.1115,6.1906
395,CHR-SSPI,Moselle,Metz,11.0,5.0,2.0,0.0,2020-03-24 20:00:00,GrdEst,49.1115,6.1906
396,NHC-Chir,Bas-Rhin,Strasbourg,13.0,0.0,0.0,0.0,2020-03-25 08:00:00,GrdEst,48.5673,7.7553
397,Essey,Meurthe-et-Moselle,Nancy,9.0,1.0,1.0,1.0,2020-03-25 08:00:00,GrdEst,48.6889,6.1709
398,Gentilly,Meurthe-et-Moselle,Nancy,7.0,5.0,0.0,0.0,2020-03-25 08:00:00,GrdEst,48.6889,6.1709
399,CHR-Thionville,Moselle,Metz,23.0,1.0,3.0,2.0,2020-03-25 08:00:00,GrdEst,49.1115,6.1906
400,CHR-Mercy,Moselle,Metz,23.0,1.0,8.0,9.0,2020-03-25 08:00:00,GrdEst,49.1115,6.1906
401,CHR-CCV,Moselle,Metz,9.0,1.0,0.0,2.0,2020-03-25 08:00:00,GrdEst,49.1115,6.1906
402,CHR-SSPI,Moselle,Metz,12.0,4.0,2.0,0.0,2020-03-25 08:00:00,GrdEst,49.1115,6.1906
403,HPM-Schuman,Moselle,Metz,15.0,1.0,0.0,3.0,2020-03-25 08:00:00,GrdEst,49.1115,6.1906
404,Claude-B,Moselle,Metz,8.0,0.0,8.0,1.0,2020-03-25 08:00:00,GrdEst,49.1115,6.1906
405,Sarreguemine,Moselle,Metz,15.0,0.0,7.0,0.0,2020-03-25 08:00:00,GrdEst,49.1115,6.1906
406,St-Avold,Moselle,Metz,7.0,2.0,0.0,0.0,2020-03-25 08:00:00,GrdEst,49.1115,6.1906
407,Epinal,Vosges,Épinal,17.0,0.0,1.0,3.0,2020-03-25 08:00:00,GrdEst,48.1688,6.4766
408,Bezannes,Marne,Châlons-en-Champagne,15.0,3.0,0.0,0.0,2020-03-25 08:00:00,GrdEst,48.9556,4.3737
409,Chateau-Thierry,Marne,Châlons-en-Champagne,6.0,0.0,0.0,0.0,2020-03-25 08:00:00,GrdEst,48.9556,4.3737
410,Nancy-ChirB,Meurthe-et-Moselle,Nancy,19.0,5.0,0.0,5.0,2020-03-25 08:00:00,GrdEst,48.6889,6.1709
411,Nancy-MIRB,Meurthe-et-Moselle,Nancy,30.0,0.0,6.0,3.0,2020-03-25 08:00:00,GrdEst,48.6889,6.1709
412,Nancy-RCP,Meurthe-et-Moselle,Nancy,13.0,5.0,0.0,1.0,2020-03-25 08:00:00,GrdEst,48.6889,6.1709
413,Nancy-MIRC,Meurthe-et-Moselle,Nancy,24.0,2.0,1.0,3.0,2020-03-25 08:00:00,GrdEst,48.6889,6.1709
414,NHC-Med,Bas-Rhin,Strasbourg,28.0,2.0,5.0,17.0,2020-03-25 08:00:00,GrdEst,48.5673,7.7553
415,Haguenau,Bas-Rhin,Strasbourg,19.0,0.0,0.0,0.0,2020-03-25 08:00:00,GrdEst,48.5673,7.7553
416,Saverne,Bas-Rhin,Strasbourg,12.0,0.0,2.0,1.0,2020-03-25 08:00:00,GrdEst,48.5673,7.7553
417,Troyes,Aube,Troyes,6.0,12.0,0.0,0.0,2020-03-25 08:00:00,GrdEst,48.2981,4.082
418,Charleville-Mezieres,Ardennes,Charleville-Mézières,5.0,4.0,0.0,0.0,2020-03-25 08:00:00,GrdEst,49.7783,4.7198
419,HTP-Ped,Bas-Rhin,Strasbourg,4.0,0.0,0.0,2.0,2020-03-25 08:00:00,GrdEst,48.5673,7.7553
420,HTP-Chir,Bas-Rhin,Strasbourg,26.0,6.0,8.0,1.0,2020-03-25 08:00:00,GrdEst,48.5673,7.7553
421,HTP-Med,Bas-Rhin,Strasbourg,26.0,1.0,0.0,4.0,2020-03-25 08:00:00,GrdEst,48.5673,7.7553
422,Colmar-Med,Haut-Rhin,Colmar,15.0,0.0,8.0,9.0,2020-03-25 08:00:00,GrdEst,48.1203,7.3936
423,Colmar-NC,Haut-Rhin,Colmar,9.0,0.0,2.0,3.0,2020-03-25 08:00:00,GrdEst,48.1203,7.3936
424,C-Scweitzer,Haut-Rhin,Colmar,1.0,0.0,0.0,0.0,2020-03-25 08:00:00,GrdEst,48.1203,7.3936
425,Mulhouse-MIR,Haut-Rhin,Colmar,20.0,0.0,10.0,7.0,2020-03-25 08:00:00,GrdEst,48.1203,7.3936
426,Mulhouse-SSPI,Haut-Rhin,Colmar,10.0,0.0,0.0,0.0,2020-03-25 08:00:00,GrdEst,48.1203,7.3936
427,Mulhouse-Chir,Haut-Rhin,Colmar,20.0,0.0,1.0,2.0,2020-03-25 08:00:00,GrdEst,48.1203,7.3936
428,Reims-MIR,Marne,Châlons-en-Champagne,43.0,18.0,2.0,3.0,2020-03-25 08:00:00,GrdEst,48.9556,4.3737
429,St-Dizier,Marne,Châlons-en-Champagne,9.0,1.0,0.0,0.0,2020-03-25 08:00:00,GrdEst,48.9556,4.3737
430,Colmar-Chir,Haut-Rhin,Colmar,13.0,2.0,3.0,5.0,2020-03-25 08:00:00,GrdEst,48.1203,7.3936
431,Verdun,Meuse,Verdun,9.0,5.0,2.0,0.0,2020-03-25 08:00:00,GrdEst,48.7685,5.1668
